"Source:","D:\Projects\STP\SparkleSplashy\Hardware\v1_20230102\Design Files\_HW_SparkleSplashy\_HW_SparkleSplashy.kicad_sch"
"Date:","2/4/2024 2:45:05 AM"
"Tool:","Eeschema 7.0.9"
"Generator:","C:\Program Files\KiCad\7.0\bin\scripting\plugins/bom_csv_grouped_by_value.py"
"Component Count:","344"

"Collated Components:"

"Item","Qty","Reference(s)","Value","LibPart","Footprint","Datasheet","DNP","CURRENT RATING","Current Rating","D.C.R","DCR","Description","DescriptionCL05A475KQ5NRNC","ESR","INDCUTANCE","INDUCTANCE","Ihold","Inductance","Link","MAX DC","Package","Part NumbeR","Part Number","Part Numbner","RATED CURRENT","SCH CHECK","VBR","VOLTAGE RATE","VOLTAGE RATED","Voltage Off State","Voltage Rated"
"1","1","ANT501","2450AT18A100E","_SCHLIB_SparkleSplashy:ANT_2450AT18A100E","RF_Antenna:Johanson_2450AT18x100","https://www.johansontechnology.com/datasheets/2450AT18A100/2450AT18A100.pdf","","","","","","2.4GHz Chip RF Antenna 2.4GHz ~ 2.5GHz 0.5dBi Solder Surface Mount","","","","","","","https://www.digikey.com/en/products/detail/johanson-technology-inc/2450AT18A100E/1560676","","","","2450AT18A100E","","","CHECKED","","","","",""
"2","35","C301, C302, C303, C304, C316, C317, C318, C324, C325, C332, C404, C408, C409, C410, C414, C504, C507, C508, C510, C520, C521, C524, C526, C529, C530, C603, C605, C803, C805, C1003, C1005, C1201, C1202, C1204, C1205","100nF/6V3","_SCHLIB_SparkleSplashy:CAP_100nF/6V3","Capacitor_SMD:C_0201_0603Metric","https://www.yageo.com/upload/media/product/productsearch/datasheet/mlcc/UPY-GPHC_X7R_6.3V-to-250V_22.pdf","","","","","","0.1 µF ±10% 6.3V Ceramic Capacitor X7R 0201 (0603 Metric)","","","","","","","https://www.digikey.ca/en/products/detail/yageo/CC0201KRX7R5BB104/12698853","","C0201","","CC0201KRX7R5BB104","","","CHECKED","","","","",""
"3","16","C305, C306, C307, C308, C326, C327, C328, C329, C405, C411, C412, C413, C415, C501, C514, C703","10nF/6V3","_SCHLIB_SparkleSplashy:CAP_10nF/6V3","Capacitor_SMD:C_0201_0603Metric","http://www.passivecomponent.com/wp-content/uploads/datasheet/WTC_MLCC_General_Purpose.pdf","","","","","","10000 pF ±10% 6.3V Ceramic Capacitor X7R 0201 (0603 Metric)","","","","","","","https://www.digikey.ca/en/products/detail/walsin-technology-corporation/0201B103K6R3CT/9354618","","C0201","","0201B103K6R3CT","","","CHECKED","","","","",""
"4","4","C309, C310, C311, C312","1nF/50V","_SCHLIB_SparkleSplashy:CAP_1nF/50V","Capacitor_SMD:C_0201_0603Metric","https://search.murata.co.jp/Ceramy/image/img/A01X/G101/ENG/GRM0335C1H102JE01-01A.pdf","","","","","","1000 pF ±5% 50V Ceramic Capacitor C0G, NP0 0201 (0603 Metric)","","","","","","","https://www.digikey.ca/en/products/detail/murata-electronics/GRM0335C1H102JE01D/16033845","","C0201","","GRM0335C1H102JE01D","","","CHECKED","","","","",""
"5","31","C313, C314, C315, C319, C331, C417, C502, C505, C506, C509, C515, C516, C519, C525, C527, C528, C602, C801, C802, C804, C901, C902, C1001, C1002, C1004, C1206, C1207, C1208, C1209, C1210, C1211","2u2F/6V3","_SCHLIB_SparkleSplashy:CAP_2u2F/6V3","Capacitor_SMD:C_0201_0603Metric","https://ele.kyocera.com/assets/products/capacitor/CM_Series_e.pdf","","","","","","2.2 µF ±20% 6.3V Ceramic Capacitor X5R 0201 (0603 Metric)","","","","","","","https://www.digikey.ca/en/products/detail/kyocera-avx/CM03X5R225M06AH/10815044","","C0201","","CM03X5R225M06AH","","","CHECKED","","","","",""
"6","8","C320, C321, C322, C323, C406, C407, C522, C523","12pF/50V","_SCHLIB_SparkleSplashy:CAP_12pF/50V","Capacitor_SMD:C_0201_0603Metric","https://www.yageo.com/upload/media/product/productsearch/datasheet/mlcc/UPY-GP_NP0_16V-to-50V_18.pdf","","","","","","12 pF ±5% 50V Ceramic Capacitor C0G, NP0 0201 (0603 Metric)","","","","","","","https://www.digikey.ca/en/products/detail/yageo/CC0201JRNPO9BN120/5194994","","C0201","","CC0201JRNPO9BN120","","","CHECKED","","","","",""
"7","1","C330","470pF/50V","_SCHLIB_SparkleSplashy:CAP_470pF/50V","Capacitor_SMD:C_0201_0603Metric","https://product.tdk.com/system/files/dam/doc/product/capacitor/ceramic/mlcc/catalog/mlcc_automotive_general_en.pdf","","","","","","470 pF ±20% 50V Ceramic Capacitor X7R 0201 (0603 Metric)","","","","","","","https://www.digikey.ca/en/products/detail/tdk-corporation/CGA1A2X7R1H471M030BA/3949350","","C0201","","CGA1A2X7R1H471M030BA","","","CHECKED","","","","",""
"8","1","C401","10uF/50V","_SCHLIB_SparkleSplashy:CAP_10uF/50V","Capacitor_SMD:C_0805_2012Metric","https://search.murata.co.jp/Ceramy/image/img/A01X/G101/ENG/GRM21BR61H106KE43-01A.pdf","","","","","","10 µF ±10% 50V Ceramic Capacitor X5R 0805 (2012 Metric)","","","","","","","https://www.digikey.ca/en/products/detail/murata-electronics/GRM21BR61H106KE43L/10326316","","C0805","","GRM21BR61H106KE43L","","","CHECKED","","","","",""
"9","4","C402, C403, C1101, C1102","100nF/63V","_SCHLIB_SparkleSplashy:CAP_100nF/63V","Capacitor_SMD:C_0805_2012Metric","https://connect.kemet.com:7667/gateway/IntelliData-ComponentDocumentation/1.0/download/datasheet/C0805C104MMREC7210","","","","","","0.1 µF ±20% 63V Ceramic Capacitor X7R 0805 (2012 Metric)","","","","","","","https://www.digikey.ca/en/products/detail/kemet/C0805C104MMREC7210/8645408","","C0805","","C0805C104MMREC7210","","","CHECKED","","","","",""
"10","5","C416, C531, C601, C606, C702","1uF/6V3","_SCHLIB_SparkleSplashy:CAP_1uF/6V3","Capacitor_SMD:C_0201_0603Metric","http://weblib.samsungsem.com/mlcc/mlcc-ec-data-sheet.do?partNumber=CL03A105MQ3CSN","","","","","","1 µF ±20% 6.3V Ceramic Capacitor X5R 0201 (0603 Metric)","","","","","","","https://www.digikey.ca/en/products/detail/samsung-electro-mechanics/CL03A105MQ3CSNH/3894097","","C0201","","CL03A105MQ3CSNH","","","CHECKED","","","","",""
"11","3","C503, C511, C512","1pF/50V","_SCHLIB_SparkleSplashy:CAP_1pF/50V","Capacitor_SMD:C_0201_0603Metric","https://media.digikey.com/pdf/Data%20Sheets/Taiyo%20Yuden%20PDFs%20URL%20links/UMK063CG010CTHF_SS.pdf","","","","","","1 pF ±0.25pF 50V Ceramic Capacitor C0G, NP0 0201 (0603 Metric)","","","","","","","https://www.digikey.com/en/products/detail/taiyo-yuden/UMK063CG010CTHF/4811142","","C0201","","UMK063CG010CTHF","","","CHECKED","","","","",""
"12","3","C513, C1203, C1212","10uF/16V","_SCHLIB_SparkleSplashy:CAP_10uF/16V","Capacitor_SMD:C_0603_1608Metric","https://search.murata.co.jp/Ceramy/image/img/A01X/G101/ENG/GRT188R61C106KE13-01.pdf","","","","","","10 µF ±10% 16V Ceramic Capacitor X5R 0603 (1608 Metric)","","","","","","","https://www.digikey.ca/en/products/detail/murata-electronics/GRT188R61C106KE13J/13904802","","C0603","","GRT188R61C106KE13J","","","CHECKED","","","","",""
"13","2","C517, C518","1p8F/50V","_SCHLIB_SparkleSplashy:CAP_1p8F/50V","Capacitor_SMD:C_0201_0603Metric","https://media.digikey.com/pdf/Data%20Sheets/Taiyo%20Yuden%20PDFs%20URL%20links/UMK063CG1R8CTHF_SS.pdf","","","","","","1.8 pF ±0.25pF 50V Ceramic Capacitor C0G, NP0 0201 (0603 Metric)","","","","","","","https://www.digikey.com/en/products/detail/taiyo-yuden/UMK063CG1R8CTHF/7066046?s=N4IgjCBcpgbFoDGUBmBDANgZwKYBoQB7KAbRAGYBOABgHYAOEAXQIAcAXKEAZXYCcAlgDsA5iAC%2BBWnQQhkkdNnxFSFMACYw1AKzM2nSD37CxkkOuoAWSrPmLcBYpDJgAdPQAErAGJ6QHLgBVIQF2AHkUAFkcNCwAVz4cCQIAWnVbKH445ScyXSZxM3TnOTRWZnEgA","","C0201","","UMK063CG1R8CTHF","","","CHECKED","","","","",""
"14","2","C604, C701","4u7F/6V3","_SCHLIB_SparkleSplashy:CAP_4u7F/6V3","Capacitor_SMD:C_0402_1005Metric","https://media.digikey.com/pdf/Data%20Sheets/Samsung%20PDFs/CL05A475KQ5NRNC_Spec.pdf","","","","","","1 µF ±20% 6.3V Ceramic Capacitor X5R 0201 (0603 Metric)","4.7 µF ±10% 6.3V Ceramic Capacitor X5R 0402 (1005 Metric)","","","","","","https://www.digikey.ca/en/products/detail/samsung-electro-mechanics/CL05A475KQ5NRNC/3887139","","C0402","","CL05A475KQ5NRNC","","","CHECKED","","","","",""
"15","1","C1103","100nF/16V","_SCHLIB_SparkleSplashy:CAP_100nF/16V","Capacitor_SMD:C_0201_0603Metric","http://www.passivecomponent.com/wp-content/uploads/datasheet/WTC_MLCC_General_Purpose.pdf","","","","","","0.1 µF ±10% 16V Ceramic Capacitor X5R 0201 (0603 Metric)","","","","","","","https://www.digikey.ca/en/products/detail/walsin-technology-corporation/0201X104K160CT/9354659","","C0201","","","0201X104K160CT","","CHECKED","","","","",""
"16","2","D401, D402","RCLAMP0512TQTNT","_SCHLIB_SparkleSplashy:TVS_RCLAMP0512TQTNT","_PCBLIB_SparkleSplashy:3-XDFN","https://media.digikey.com/pdf/Data%20Sheets/Semtech%20PDFs/RCLAMP0512TQ_Rev6_12-17-15.pdf","","","","","","8.5V Clamp 20A (1.2/50µs) Ipp Tvs Diode Surface Mount SGP1006N3T","","","","","","","https://www.digikey.ca/en/products/detail/semtech-corporation/RCLAMP0512TQTNT/5642185","","","","RCLAMP0512TQTNT","","","CHECKED","","","","",""
"17","1","D801","TISP4011H1BJR-S","_SCHLIB_SparkleSplashy:SCR_TISP4011H1BJR-S","Diode_SMD:D_SMB","https://www.bourns.com/docs/Product-Datasheets/tisp4011h1bj.pdf","","","","","","5.25V Off-State Ipp TVS Thyristor DO-214AA, SMB","","","","","","","https://www.digikey.ca/en/products/detail/bourns-inc/TISP4011H1BJR-S/6236760","","SMB","","TISP4011H1BJR-S","","","CHECKED","","","","5.25V",""
"18","2","D802, D803","ESDZV5H-1BU2","_SCHLIB_SparkleSplashy:TVS_ESDZV5H-1BU2","Diode_SMD:Nexperia_DSN0603-2_0.6x0.3mm_P0.4mm","https://www.st.com/resource/en/datasheet/esdzv5h-1bu2.pdf","","","","","","11V Clamp 4A (8/20µs) Ipp Tvs Diode Surface Mount ST0201","","","","","","","https://www.digikey.ca/en/products/detail/stmicroelectronics/ESDZV5H-1BU2/10414282","","ST0201","","ESDZV5H-1BU2","","","CHECKED","5.5V","","","",""
"19","1","D901","TISP4025H1BJR-S","_SCHLIB_SparkleSplashy:SCR_TISP4025H1BJR-S","Diode_SMD:D_SMB","https://www.bourns.com/data/global/pdfs/TISP40xxH1BJ.pdf","","","","","","13V Off-State 400 A Ipp TVS Thyristor DO-214AA, SMB","","","","","","","https://www.digikey.ca/en/products/detail/bourns-inc/TISP4025H1BJR-S/5816300","","SMB","","TISP4025H1BJR-S","","","CHECKED","","","","13 V",""
"20","2","D902, D903","SD22-01FTG","_SCHLIB_SparkleSplashy:TVS_SD22-01FTG","Diode_SMD:D_SOD-323","https://www.littelfuse.com/~/media/electronics/datasheets/tvs_diode_arrays/littelfuse_tvs_diode_array_sd22_datasheet.pdf.pdf","","","","","","35.5V (Typ) Clamp 27A (8/20µs) Ipp Tvs Diode Surface Mount SOD-323","","","","","","","https://www.digikey.ca/en/products/detail/littelfuse-inc/SD22-01FTG/13532036","","SOD-323","","SD22-01FTG","","","CHECKED","23V","","","",""
"21","1","D1101","AQ1250-01ETG","_SCHLIB_SparkleSplashy:TVS_AQ1250-01ETG","_PCBLIB_SparkleSplashy:SOD882","https://www.littelfuse.com/~/media/electronics/datasheets/tvs_diode_arrays/littelfuse_tvs_diode_array_aq1250-01etg_datasheet.pdf.pdf","","","","","","10V Clamp 50A (8/20µs) Ipp Tvs Diode Surface Mount SOD-882","","","","","","","https://www.digikey.ca/en/products/detail/littelfuse-inc/AQ1250-01ETG/14317741","","SOD882","","AQ1250-01ETG","","","CHECKED","5V5","","","",""
"22","1","D1201","NSR01F30NXT5G","_SCHLIB_SparkleSplashy:DIODE_NSR01F30NXT5G","Diode_SMD:Nexperia_DSN0603-2_0.6x0.3mm_P0.4mm","https://www.onsemi.com/pdf/datasheet/nsr01f30-d.pdf","","","100 mA","","","Diode 30 V 100mA Surface Mount 2-DSN (0.60x0.30)","","","","","","","https://www.digikey.ca/en/products/detail/onsemi/NSR01F30NXT5G/2194403","","DSN2","","NSR01F30NXT5G","","","CHECKED","","","","","30 V"
"23","1","D1202","1N5819HW1-7-F","_SCHLIB_SparkleSplashy:DIODE_1N5819HW1-7-F","Diode_SMD:D_SOD-123F","https://www.diodes.com/assets/Datasheets/1N5819HW1.pdf","","","1 A","","","Diode 40 V 1A Surface Mount SOD-123F","","","","","","","https://www.digikey.ca/en/products/detail/diodes-incorporated/1N5819HW1-7-F/5768523?s=N4IgjCBcpgbFoDGUBmBDANgZwKYBoQB7KAbRABYAGcgDgGYAmEAXQIAcAXKEAZQ4CcAlgDsA5iAC%2BBWAE4EIZJHTZ8RUhUoy6Wluy6ReAkeKkgAtE2gKoAgK6rikMgFYWE05bJgAcs5pg5ZgkgA","","SOD_123F","","1N5819HW1-7-F","","","CHECKED","","","","","40 V"
"24","1","DIS601","AFY240320A1-2.8INTH-C1","_SCHLIB_SparkleSplashy:MECH_DIS_AFY240320A1-2.8INTH-C1","","https://www.orientdisplay.com/wp-content/uploads/2021/11/AFY240320A1-2.8INTH-C1.pdf","","","","","","Capacitive Graphic LCD Display Module Transmissive Red, Green, Blue (RGB) TFT - Color, IPS (In-Plane Switching) MIPI, RGB, SPI 2.8"" (71.12mm) 240 x 320","","","","","","","https://www.digikey.ca/en/products/detail/orient-display/AFY240320A1-2-8INTH-C1/15790821","","","","AFY240320A1-2.8INTH-C1","","","CHECKED","","","","",""
"25","3","EC1101, EC1102, EC1103","10uF/50V","_SCHLIB_SparkleSplashy:ECAP_10uF/50V","Capacitor_SMD:CP_Elec_5x5.3","https://industrial.panasonic.com/cdbs/www-data/pdf/AAB8000/AAB8000C226.pdf","","","","","","10 µF 50 V Aluminum - Polymer Capacitors Radial, Can - SMD 80mOhm 1000 Hrs @ 125°C","","80mR","","","","","https://www.digikey.ca/en/products/detail/panasonic-electronic-components/50SVPK10M/7564810","","SMD(5.3X5.3)","","50SVPK10M","","","CHECKED","","","","",""
"26","4","F801, F802, F901, F902","0805L010/24YR","_SCHLIB_SparkleSplashy:FUSE_0805L010/24YR","Fuse:Fuse_0805_2012Metric","https://www.littelfuse.com/~/media/electronics/datasheets/resettable_ptcs/littelfuse_ptc_0805l_datasheet.pdf.pdf","","","","","","Polymeric PTC Resettable Fuse 24V 100 mA Ih Surface Mount 0805 (2012 Metric), Concave","","","","","100 mA","","https://www.digikey.ca/en/products/detail/littelfuse-inc/0805L010-24YR/4556346","","F0805","","0805L010/24YR","","","CHECKED","","","","","24 V"
"27","1","F1101","ERB-RE1R00V","_SCHLIB_SparkleSplashy:FUSE_ERB-RE1R00V","Fuse:Fuse_0603_1608Metric","https://industrial.panasonic.com/cdbs/www-data/pdf/AFA0000/AFA0000C7.pdf","","","","","","1 A AC 32 V DC Fuse Board Mount (Cartridge Style Excluded) Surface Mount 0603 (1608 Metric)","","","","","","","https://www.digikey.ca/en/products/detail/panasonic-electronic-components/ERB-RE1R00V/2796790","","F0603","","ERB-RE1R00V","","1A","CHECKED","","32VDC","","",""
"28","4","FD1301, FD1302, FD1303, FD1304","~","_SCHLIB_SparkleSplashy:MECH_FD","Fiducial:Fiducial_0.5mm_Mask1mm","","","","","","","","","","","","","","","","","","","","","","","","","",""
"29","1","J401","SI-60005-F","_SCHLIB_SparkleSplashy:CONN_SI-60005-F","_PCBLIB_SparkleSplashy:RJ45_Bel_SI-60062-F","https://www.belfuse.com/resources/drawings/magneticsolutions/dr-mag-si-60005-f.pdf","","","","","","1 Port RJ45Through Hole 10/100 Base-T, AutoMDIX","","","","","","","https://www.digikey.ca/en/products/detail/bel-fuse-inc/SI-60005-F/1642348","","","","SI-60005-F","","","CHECKED","","","","",""
"30","1","J601","CF31401D0R0-05-NH","_SCHLIB_SparkleSplashy:CONN_CF31401D0R0-05-NH","_PCBLIB_SparkleSplashy:FPC_FH12-40S-0.5SH_1x40-1MP_P0.50mm_Horizontal","https://www.cvilux.com/uploads/drawings/101/073/CF3103S.pdf","","","","","","40 Position FFC, FPC Connector Contacts, Bottom 0.020"" (0.50mm) Surface Mount, Right Angle","","","","","","","https://www.digikey.ca/en/products/detail/cvilux-usa/CF31401D0R0-05-NH/15793184","","","","CF31401D0R0-05-NH","","","CHECKED","","","","",""
"31","1","J602","F305-1A7H1-11006-E100","_SCHLIB_SparkleSplashy:CONN_F305-1A7H1-11006-E100","_PCBLIB_SparkleSplashy:CONN_FPC_6POS_0.5P,BOTTOM","https://cdn.amphenol-cs.com/media/wysiwyg/files/drawing/f305-1.pdf","","","","","","6 Position FFC, FPC Connector Contacts, Bottom 0.020"" (0.50mm) Surface Mount, Right Angle6 Position FFC, FPC Connector Contacts, Bottom 0.020"" (0.50mm) Surface Mount, Right Angle","","","","","","","https://www.digikey.ca/en/products/detail/amphenol-cs-fci/F305-1A7H1-11006-E100/11564562","","","","F305-1A7H1-11006-E100","","","CHECKED","","","","",""
"32","1","L501","L-07C3N9SV6T","_SCHLIB_SparkleSplashy:INDC_L-07C3N9SV6T","Inductor_SMD:L_0402_1005Metric","https://www.johansontechnology.com/downloads/jti-cat-rf-ind.pdf","","300mA","","220mR","","3.9 nH Unshielded Multilayer Inductor 300 mA 220mOhm Max 0402 (1005 Metric)","","","3n9H","","","","https://www.digikey.com/en/products/detail/johanson-technology-inc/L-07C3N9SV6T/1915227?s=N4IgTCBcDaIDIFoAMB2AwgZgHIE4DKAagGwAqIAugL5A","","L0402","","L-07C3N9SV6T","","","CHECKED","","","","",""
"33","1","L502","L-07C2N7SV6T","_SCHLIB_SparkleSplashy:INDC_L-07C2N7SV6T","Inductor_SMD:L_0402_1005Metric","https://www.johansontechnology.com/downloads/jti-cat-rf-ind.pdf","","300mA","","","170mR","2.7 nH Unshielded Multilayer Inductor 300 mA 170mOhm Max 0402 (1005 Metric)","","","","2n7H","","","https://www.digikey.com/en/products/detail/johanson-technology-inc/L-07C2N7SV6T/1830166?s=N4IgTCBcDaIDIFoAMB2AwmAcigygNQDYAVEAXQF8g","","L0402","","L-07C2N7SV6T","","","CHECKED","","","","",""
"34","2","L503, L504","WLCM0603TGB3N3TB","_SCHLIB_SparkleSplashy:INDC_WLCM0603TGB3N3TB","Inductor_SMD:L_0201_0603Metric","http://www.passivecomponent.com/wp-content/uploads/inductor/WLCM0603TG_Series.pdf","","400mA","","300mR","","3.3 nH Unshielded Multilayer Inductor 400 mA 300mOhm Max 0201 (0603 Metric)","","","","3n3H","","","https://www.digikey.com/en/products/detail/walsin-technology-corporation/WLCM0603TGB3N3TB/14563850","","L0201","","WLCM0603TGB3N3TB","","","CHECKED","","","","",""
"35","1","L505","MLZ1005M2R2WT000","_SCHLIB_SparkleSplashy:INDC_MLZ1005M2R2WT000","Inductor_SMD:L_0402_1005Metric","https://product.tdk.com/en/system/files?file=dam/doc/product/inductor/inductor/smd/catalog/inductor_commercial_decoupling_mlz1005_en.pdf","","350mA","","","550mR","2.2 µH Shielded Multilayer Inductor 350 mA 550mOhm 0402 (1005 Metric)","","","","2u2H","","","https://www.digikey.ca/en/products/detail/tdk-corporation/MLZ1005M2R2WT000/2465140?s=N4IgjCBcpgbFoDGUBmBDANgZwKYBoQB7KAbRAGYBOABgHYAOEAqsAVkYF0CAHAFyhABlXgCcAlgDsA5iAC%2BBAEzV6tBCGSR02fEVIgFAOgUACAK0AJEFxB8BAVQljeAeRQBZHGiwBXETjmKyozQ6qiYuATEkGTkrNTGALYAglY8-JAgDk6uHl6%2B-vIgALQKahqi3jpRZKxWsoWl0SAAkgByACJ2AMIAKs4ASqkg8CFiACYCRWDUEGkCTCC8AJ7c-hleyAQAjsvz9UA","","L0402","","MLZ1005M2R2WT000","","","CHECKED","","","","",""
"36","1","L506","CW105550A-15NJ","_SCHLIB_SparkleSplashy:INDC_CW105550A-15NJ","Inductor_SMD:L_0402_1005Metric","https://www.bourns.com/docs/Product-Datasheets/CW105550A.pdf","","560mA","","","172mR","15 nH Unshielded Inductor 560 mA 172mOhm Max 0402 (1005 Metric)","","","","15nH","","15nH","https://www.digikey.ca/en/products/detail/bourns-inc/CW105550A-15NJ/9826723","","L0402","","CW105550A-15NJ","","","CHECKED","","","","",""
"37","1","L1101","4u7H","_SCHLIB_SparkleSplashy:INDC_4u7H/420mA","Inductor_SMD:L_0603_1608Metric","https://www.bourns.com/docs/product-datasheets/cwf1610.pdf","","420mA","","","970mR","4.7 µH Unshielded Inductor 420 mA 970mOhm 0603 (1608 Metric)","","","","","","","https://www.digikey.ca/en/products/detail/bourns-inc/CWF1610-4R7K/14644638","","L0603","","CWF1610-4R7K","","","CHECKED","","","","",""
"38","1","L1201","10uH","_SCHLIB_SparkleSplashy:INDC_10uH/300mA","Inductor_SMD:L_0805_2012Metric","https://product.tdk.com/en/system/files?file=dam/doc/product/inductor/inductor/smd/catalog/inductor_automotive_decoupling_mlz2012_en.pdf","","300mA","","","680mR","10 µH Shielded Multilayer Inductor 300 mA 680mOhm 0805 (2012 Metric)","","","","","","","https://www.digikey.ca/en/products/detail/tdk-corporation/MLZ2012M100HTD25/4743207","","L0805","","MLZ2012M100HTD25","","","CHECKED","","","","",""
"39","1","LED301","ORANGE","_SCHLIB_SparkleSplashy:LED_ORANGE_0402","LED_SMD:LED_0402_1005Metric","https://media.digikey.com/pdf/Data%20Sheets/Harvatek%20PDFs/B2841UD--20D000614U1930.pdf","","","","","","Orange 605nm LED Indication - Discrete 2V 0402 (1005 Metric)","","","","","","","https://www.digikey.ca/en/products/detail/harvatek-corporation/B2841UD-20D000614U1930/16729512","","LED0402","","B2841UD--20D000614U1930","","","CHECKED","","","2V","",""
"40","1","LED302","RED","_SCHLIB_SparkleSplashy:LED_RED_0402","LED_SMD:LED_0402_1005Metric","https://media.digikey.com/pdf/Data%20Sheets/Harvatek%20PDFs/B2841USD-20D001014U1930.pdf","","","","","","Red 624nm LED Indication - Discrete 2V 0402 (1005 Metric)","","","","","","","https://www.digikey.ca/en/products/detail/harvatek-corporation/B2841USD-20D001014U1930/16729514?s=N4IgTCBcDaIEJgBwBYCMBVAygEQLRgAZsCDVTl1UBOAZgJAF0BfIA","","LED0402","","B2841USD-20D001014U1930","","","CHECKED","","","2V","",""
"41","2","LED303, LED401","AMBER","_SCHLIB_SparkleSplashy:LED_AMBER_0402","LED_SMD:LED_0402_1005Metric","https://media.digikey.com/pdf/Data%20Sheets/Harvatek%20PDFs/B2841UY--20D000414U1930.pdf","","","","","","Amber LED Indication - Discrete 2V 0402 (1005 Metric)","","","","","","","https://www.digikey.ca/en/products/detail/harvatek-corporation/B2841UY-20D000414U1930/16729525","","LED0402","","B2841UY--20D000414U1930","","","CHECKED","","","2V","",""
"42","3","LED1201, LED1202, LED1203","GREEN","_SCHLIB_SparkleSplashy:LED_GREEN_0402","LED_SMD:LED_0402_1005Metric","https://media.digikey.com/pdf/Data%20Sheets/Harvatek%20PDFs/B2841NG--05D000514U1930.pdf","","","","","","Green 529nm LED Indication - Discrete 2.8V 0402 (1005 Metric)","","","","","","","https://www.digikey.ca/en/products/detail/harvatek-corporation/B2841NG-05D000514U1930/16729536","","LED0402","","B2841NG--05D000514U1930","","","CHECKED","","","2V8","",""
"43","1","LED1204","BLUE","_SCHLIB_SparkleSplashy:LED_BLUE_0402","LED_SMD:LED_0402_1005Metric","https://media.digikey.com/pdf/Data%20Sheets/Harvatek%20PDFs/B2841NB--20C001414U1930.pdf","","","","","","Blue 470nm LED Indication - Discrete 3.3V 0402 (1005 Metric)","","","","","","","https://www.digikey.ca/en/products/detail/harvatek-corporation/B2841NB-20C001414U1930/16729522","","LED0402","","B2841NB--20C001414U1930","","","CHECKED","","","3V3","",""
"44","2","MH1301, MH1302","~","_SCHLIB_SparkleSplashy:MECH_MH","MountingHole:MountingHole_2.2mm_M2_DIN965_Pad_TopBottom","","","","","","","","","","","","","","","","","","","","","","","","","",""
"45","2","Q1001, Q1002","2N7002AQ-7","_SCHLIB_SparkleSplashy:MOSFET_2N7002AQ-7","Package_TO_SOT_SMD:SOT-23","https://www.diodes.com/assets/Datasheets/2N7002AQ.pdf","","","","","","N-Channel 60 V 180mA (Ta) 370mW (Ta) Surface Mount SOT-23-3","","","","","","","https://www.digikey.ca/en/products/detail/diodes-incorporated/2N7002AQ-7/6186937","","SOT-23-3","","2N7002AQ-7","","","CHECKED","","","","",""
"46","25","R301, R425, R427, R519, R601, R603, R604, R605, R606, R607, R608, R610, R611, R612, R613, R707, R708, R709, R1101, R1201, R1205, R1206, R1207, R1208, R1210","10KR_1/20W","_SCHLIB_SparkleSplashy:RES_10KR_1/20W","Resistor_SMD:R_0201_0603Metric","https://www.seielect.com/Catalog/SEI-RMCF_RMCP.pdf","","","","","","10 kOhms ±1% 0.05W, 1/20W Chip Resistor 0201 (0603 Metric) Thick Film","","","","","","","https://www.digikey.ca/en/products/detail/stackpole-electronics-inc/RMCF0201FT10K0/1714990","","R0201","","RMCF0201FT10K0","","","CHECKED","","","","",""
"47","7","R302, R303, R304, R305, R306, R903, R905","3K3R_1/20W","_SCHLIB_SparkleSplashy:RES_3K3R_1/20W","Resistor_SMD:R_0201_0603Metric","https://www.seielect.com/Catalog/SEI-RMCF_RMCP.pdf","","","","","","3.3 kOhms ±1% 0.05W, 1/20W Chip Resistor 0201 (0603 Metric) Thick Film","","","","","","","https://www.digikey.ca/en/products/detail/stackpole-electronics-inc/RMCF0201FT3K30/4439996","","R0201","","RMCF0201FT3K30","","","CHECKED","","","","",""
"48","22","R307, R308, R309, R310, R311, R406, R506, R801, R802, R803, R804, R901, R902, R1001, R1002, R1003, R1004, R1007, R1008, R1211, R1212, R1213","100R_1/20W","_SCHLIB_SparkleSplashy:RES_100R_1/20W","Resistor_SMD:R_0201_0603Metric","https://www.seielect.com/Catalog/SEI-RMCF_RMCP.pdf","","","","","","100 Ohms ±1% 0.05W, 1/20W Chip Resistor 0201 (0603 Metric) Thick Film","","","","","","","https://www.digikey.ca/en/products/detail/stackpole-electronics-inc/RMCF0201FT100R/1714988","","R0201","","RMCF0201FT100R","","","CHECKED","","","","",""
"49","6","R312, R313, R314, R408, R409, R426","499R_1/20W","_SCHLIB_SparkleSplashy:RES_499R_1/20W","Resistor_SMD:R_0201_0603Metric","https://www.seielect.com/Catalog/SEI-RMCF_RMCP.pdf","","","","","","499 Ohms ±1% 0.05W, 1/20W Chip Resistor 0201 (0603 Metric) Thick Film","","","","","","","https://www.digikey.ca/en/products/detail/stackpole-electronics-inc/RMCF0201FT499R/3906018","","R0201","","RMCF0201FT499R","","","CHECKED","","","","",""
"50","4","R315, R316, R418, R424","4K7R_1/20W","_SCHLIB_SparkleSplashy:RES_4K7R_1/20W","Resistor_SMD:R_0201_0603Metric","https://www.seielect.com/Catalog/SEI-RMCF_RMCP.pdf","","","","","","4.7 kOhms ±1% 0.05W, 1/20W Chip Resistor 0201 (0603 Metric) Thick Film","","","","","","","https://www.digikey.ca/en/products/detail/stackpole-electronics-inc/RMCF0201FT4K70/1715026","","R0201","","RMCF0201FT4K70","","","CHECKED","","","","",""
"51","10","R401, R410, R411, R412, R413, R501, R502, R503, R504, R505","0R_1/20W","_SCHLIB_SparkleSplashy:RES_0R_1/20W","Resistor_SMD:R_0201_0603Metric","https://www.seielect.com/Catalog/SEI-RMCF_RMCP.pdf","","","","","","0 Ohms Jumper Chip Resistor 0201 (0603 Metric) Thick Film","","","","","","","https://www.digikey.ca/en/products/detail/stackpole-electronics-inc/RMCF0201ZT0R00/1756897","","R0201","","RMCF0201ZT0R00","","","CHECKED","","","","",""
"52","4","R402, R403, R404, R405","49R9_1/20W","_SCHLIB_SparkleSplashy:RES_49R9_1/20W","Resistor_SMD:R_0201_0603Metric","https://www.seielect.com/Catalog/SEI-RMCF_RMCP.pdf","","","","","","49.9 Ohms ±1% 0.05W, 1/20W Chip Resistor 0201 (0603 Metric) Thick Film","","","","","","","https://www.digikey.ca/en/products/detail/stackpole-electronics-inc/RMCF0201FT49R9/1715030","","R0201","","RMCF0201FT49R9","","","CHECKED","","","","",""
"53","1","R407","3K01R_1/20W","_SCHLIB_SparkleSplashy:RES_3K01R_1/20W","Resistor_SMD:R_0201_0603Metric","https://www.yageo.com/upload/media/product/productsearch/datasheet/rchip/PYu-RC_Group_51_RoHS_L_12.pdf","","","","","","3.01 kOhms ±1% 0.05W, 1/20W Chip Resistor 0201 (0603 Metric) Moisture Resistant Thick Film","","","","","","","https://www.digikey.ca/en/products/detail/yageo/RC0201FR-073K01L/3202405","","R0201","","RC0201FR-073K01L","","","CHECKED","","","","",""
"54","23","R414, R415, R416, R417, R420, R421, R422, R423, R509, R510, R511, R512, R609, R614, R615, R616, R617, R701, R702, R703, R704, R705, R706","27R4_1/20W","_SCHLIB_SparkleSplashy:RES_27R4_1/20W","Resistor_SMD:R_0201_0603Metric","https://www.yageo.com/upload/media/product/productsearch/datasheet/rchip/PYu-RC_Group_51_RoHS_L_12.pdf","","","","","","27.4 Ohms ±1% 0.05W, 1/20W Chip Resistor 0201 (0603 Metric) Moisture Resistant Thick Film","","","","","","","https://www.digikey.ca/en/products/detail/yageo/RC0201FR-0727R4L/5280413","","R0201","","RC0201FR-0727R4L","","","CHECKED","","","","",""
"55","4","R419, R513, R602, R618","100KR_1/20W","_SCHLIB_SparkleSplashy:RES_100KR_1/20W","Resistor_SMD:R_0201_0603Metric","https://industrial.panasonic.com/cdbs/www-data/pdf/RDA0000/AOA0000C304.pdf","","","","","","100 kOhms ±1% 0.05W, 1/20W Chip Resistor 0201 (0603 Metric) Automotive AEC-Q200 Thick Film","","","","","","","https://www.digikey.ca/en/products/detail/panasonic-electronic-components/ERJ-1GNF1003C/2036340","","R0201","","ERJ-1GNF1003C","","","CHECKED","","","","",""
"56","4","R507, R508, R518, R520","1MR_1/20W","_SCHLIB_SparkleSplashy:RES_1MR_1/20W","Resistor_SMD:R_0201_0603Metric","https://www.seielect.com/Catalog/SEI-RMCF_RMCP.pdf","","","","","","1 MOhms ±1% 0.05W, 1/20W Chip Resistor 0201 (0603 Metric) Thick Film","","","","","","","https://www.digikey.com/en/products/detail/stackpole-electronics-inc/RMCF0201FT1M00/3906028","","R0201","","RMCF0201FT1M00","","","CHECKED","","","","",""
"57","10","R514, R515, R516, R517, R1103, R1104, R1202, R1203, R1204, R1209","1KR_1/20W","_SCHLIB_SparkleSplashy:RES_1KR_1/20W","Resistor_SMD:R_0201_0603Metric","https://www.seielect.com/Catalog/SEI-RMCF_RMCP.pdf","","","","","","1 kOhms ±1% 0.05W, 1/20W Chip Resistor 0201 (0603 Metric) Thick Film","","","","","","","https://www.digikey.ca/en/products/detail/stackpole-electronics-inc/RMCF0201FT1K00/1714998","","R0201","","RMCF0201FT1K00","","","CHECKED","","","","",""
"58","3","R805, R1005, R1006","10R_1/20W","_SCHLIB_SparkleSplashy:RES_10R_1/20W","Resistor_SMD:R_0201_0603Metric","https://www.seielect.com/Catalog/SEI-RMCF_RMCP.pdf","","","","","","10 Ohms ±5% 0.05W, 1/20W Chip Resistor 0201 (0603 Metric) Thick Film","","","","","","","https://www.digikey.ca/en/products/detail/stackpole-electronics-inc/RMCF0201JT10R0/3906030","","R0201","","RMCF0201JT10R0","","","CHECKED","","","","",""
"59","1","R806","1R_1/4W","_SCHLIB_SparkleSplashy:RES_1R_1/4W","Resistor_SMD:R_0402_1005Metric","https://www.koaspeer.com/pdfs/SG73P.pdf","","","","","","1 Ohms ±5% 0.25W, 1/4W Chip Resistor 0402 (1005 Metric) Automotive AEC-Q200, Pulse Withstanding Thick Film","","","","","","","https://www.digikey.ca/en/products/detail/koa-speer-electronics-inc/SG73P1EWTTP1R0J/14316746?s=N4IgjCBcoExaBjKAzAhgGwM4FMA0IB7KAbXADYBWAFgGYQBdfABwBcoQBlFgJwEsA7AOYgAvvjBl4IJJDRY8hEiBoBOMBQAcDZm0iceA4WJAwADBopSZcnPiKRSYAAQB5ABYBbTNpCt2AVX5eFhdkAFlsVEwAV25sUXwAWjhoaSgeaIV7Ukt6EWMU0gAlAFEOH0lU3gATdkSwUwgddhB8FgBPJni9KKR8AEcOlvygA","","R0402","SG73P1EWTTP1R0J","","","","CHECKED","","","","",""
"60","2","R807, R808","680R_1/8W","_SCHLIB_SparkleSplashy:RES_680R_1/8W","Resistor_SMD:R_0805_2012Metric","https://www.seielect.com/Catalog/SEI-RMCF_RMCP.pdf","","","","","","680 Ohms ±5% 0.125W, 1/8W Chip Resistor 0805 (2012 Metric) Automotive AEC-Q200 Thick Film","","","","","","","https://www.digikey.ca/en/products/detail/stackpole-electronics-inc/RMCF0805JT680R/1757825","","R0805","","RMCF0805JT680R","","","CHECKED","","","","",""
"61","1","R904","820R_1/20W","_SCHLIB_SparkleSplashy:RES_820R_1/20W","Resistor_SMD:R_0201_0603Metric","https://industrial.panasonic.com/cdbs/www-data/pdf/RDA0000/AOA0000C304.pdf","","","","","","820 Ohms ±1% 0.05W, 1/20W Chip Resistor 0201 (0603 Metric) Automotive AEC-Q200 Thick Film","","","","","","","https://www.digikey.ca/en/products/detail/panasonic-electronic-components/ERJ-1GNF8200C/2036102","","R0201","","ERJ-1GNF8200C","","","CHECKED","","","","",""
"62","1","R906","4K7R_1W","_SCHLIB_SparkleSplashy:RES_4K7R_1W","Resistor_SMD:R_MELF_MMB-0207","https://www.seielect.com/catalog/sei-mlfa.pdf","","","","","","4.7 kOhms ±1% 1W Chip Resistor MELF, 0207 Automotive AEC-Q200 Metal Film","","","","","","","https://www.digikey.ca/en/products/detail/stackpole-electronics-inc/MLFA1FTC4K70/8571818","","MELF","","MLFA1FTC4K70","","","CHECKED","","","","",""
"63","2","R1009, R1011","47KR_1/20W","_SCHLIB_SparkleSplashy:RES_47KR_1/20W","Resistor_SMD:R_0201_0603Metric","https://www.seielect.com/Catalog/SEI-RMCF_RMCP.pdf","","","","","","47 kOhms ±5% 0.05W, 1/20W Chip Resistor 0201 (0603 Metric) Thick Film","","","","","","","https://www.digikey.ca/en/products/detail/stackpole-electronics-inc/RMCF0201JT47K0/1758250","","R0201","","RMCF0201JT47K0","","","CHECKED","","","","",""
"64","2","R1010, R1012","1KR_1W","_SCHLIB_SparkleSplashy:RES_1KR_1W","Resistor_SMD:R_MELF_MMB-0207","https://www.seielect.com/catalog/sei-mlfa.pdf","","","","","","1 kOhms ±1% 1W Chip Resistor MELF, 0207 Automotive AEC-Q200 Metal Film","","","","","","","https://www.digikey.ca/en/products/detail/stackpole-electronics-inc/MLFA1FTC1K00/8571812","","MELF","","MLFA1FTC1K00","","","CHECKED","","","","",""
"65","1","R1102","0.1R_1/2W","_SCHLIB_SparkleSplashy:RES_0.1R_1/2W","Resistor_SMD:R_0805_2012Metric","https://industrial.panasonic.com/cdbs/www-data/pdf/RDN0000/AOA0000C313.pdf","","","","","","100 mOhms ±1% 0.5W, 1/2W Chip Resistor 0805 (2012 Metric) Automotive AEC-Q200, Current Sense Thick Film","","","","","","","https://www.digikey.ca/en/products/detail/panasonic-electronic-components/ERJ-6DSFR10V/6004391","","R0805","","ERJ-6DSFR10V","","","CHECKED","","","","",""
"66","1","R1214","93K1R_1/20W","_SCHLIB_SparkleSplashy:RES_93K1R_1/20W","Resistor_SMD:R_0201_0603Metric","https://www.seielect.com/Catalog/SEI-RMCF_RMCP.pdf","","","","","","93.1 kOhms ±1% 0.05W, 1/20W Chip Resistor 0201 (0603 Metric) Thick Film","","","","","","","https://www.digikey.ca/en/products/detail/stackpole-electronics-inc/RMCF0201FT93K1/5965937","","R0201","","RMCF0201FT93K1","","","CHECKED","","","","",""
"67","1","R1215","24KR_1/20W","_SCHLIB_SparkleSplashy:RES_24KR_1/20W","Resistor_SMD:R_0201_0603Metric","https://industrial.panasonic.com/cdbs/www-data/pdf/RDA0000/AOA0000C304.pdf","","","","","","24 kOhms ±1% 0.05W, 1/20W Chip Resistor 0201 (0603 Metric) Automotive AEC-Q200 Thick Film","","","","","","","https://industrial.panasonic.com/cdbs/www-data/pdf/RDA0000/AOA0000C304.pdf","","R0201","","ERJ-1GNF2402C","","","CHECKED","","","","",""
"68","1","R1216","330R_1/10W","_SCHLIB_SparkleSplashy:RES_330R_1/10W","Resistor_SMD:R_0402_1005Metric","https://industrial.panasonic.com/cdbs/www-data/pdf/RDA0000/AOA0000C304.pdf","","","","","","330 Ohms ±1% 0.1W, 1/10W Chip Resistor 0402 (1005 Metric) Automotive AEC-Q200 Thick Film","","","","","","","https://www.digikey.ca/en/products/detail/panasonic-electronic-components/ERJ-2RKF3300X/1746189","","R0402","","ERJ-2RKF3300X","","","CHECKED","","","","",""
"69","9","TC301, TC302, TC303, TC304, TC305, TC401, TC402, TC403, TC404","47uF/6V3","_SCHLIB_SparkleSplashy:TCAP_47uF/6V3","Capacitor_Tantalum_SMD:CP_EIA-1608-08_AVX-J","https://datasheets.kyocera-avx.com/F98.pdf","","","","","","47 µF Molded Tantalum Capacitors 6.3 V 0603 (1608 Metric) 10Ohm","","10 Ohm","","","","","https://www.digikey.ca/en/products/detail/kyocera-avx/F980J476MMA/4005209","","TC0603","","F980J476MMA","","","CHECKED","","","","",""
"70","4","TC501, TC502, TC503, TC504","22uF/6V3","_SCHLIB_SparkleSplashy:TCAP_22uF/6V3","Capacitor_Tantalum_SMD:CP_EIA-3216-10_Kemet-I","https://datasheets.kyocera-avx.com/TPS.pdf","","","","","","22 µF Molded Tantalum Capacitors 6.3 V 1206 (3216 Metric) 500mOhm","","0.5 Ohm","","","","","https://www.digikey.ca/en/products/detail/kyocera-avx/TPSA226M006R0500/1472605","","TC1206","","TPSA226M006R0500","","","CHECKED","","","","",""
"71","2","TC1101, TC1102","33uF/16V","_SCHLIB_SparkleSplashy:TCAP_33uF/16V","Capacitor_Tantalum_SMD:CP_EIA-3528-21_Kemet-B","https://datasheets.kyocera-avx.com/TPS.pdf","","","","","","33 µF Molded Tantalum Capacitors 16 V 1411 (3528 Metric), 1210 350mOhm","","","","","","","https://www.digikey.ca/en/products/detail/kyocera-avx/TPSB336K016R0350/809540","","TC3528","","TPSB336K016R0350","","","CHECKED","","","","",""
"72","4","TC1103, TC1201, TC1202, TC1203","47uF/10V","_SCHLIB_SparkleSplashy:TCAP_47uF/10V","Capacitor_Tantalum_SMD:CP_EIA-2012-12_Kemet-R","https://datasheets.kyocera-avx.com/TLJ.pdf","","","","","","47 µF Molded Tantalum Capacitors 10 V 0805 (2012 Metric) 3.2Ohm","","3.2 Ohm","","","","","https://www.digikey.ca/en/products/detail/kyocera-avx/TLJR476M010R3200/2197008","","TC0805","","TLJR476M010R3200","","","CHECKED","","","","",""
"73","1","U301","ATSAM4SD16BA-MU","_SCHLIB_SparkleSplashy:MCU_ATSAM4SD16BA-MU","Package_DFN_QFN:QFN-64-1EP_9x9mm_P0.5mm_EP7.3x7.3mm_ThermalVias","https://ww1.microchip.com/downloads/en/DeviceDoc/Atmel-11100-32-bit%20Cortex-M4-Microcontroller-SAM4S_Datasheet.pdf","","","","","","ARM® Cortex®-M4 SAM4S Microcontroller IC 32-Bit Single-Core 120MHz 1MB (1M x 8) FLASH 64-QFN (9x9)","","","","","","","https://www.digikey.ca/en/products/detail/microchip-technology/ATSAM4SD16BA-MU/4010080","","","","ATSAM4SD16BA-MU","","","CHECKED","","","","",""
"74","4","U302, U801, U902, U1001","SN74LVC2G17DRYR","_SCHLIB_SparkleSplashy:BUFF_SN74LVC2G17DRYR","_PCBLIB_SparkleSplashy:6-SON","https://www.ti.com/general/docs/suppproductinfo.tsp?distId=10&gotoUrl=https%3A%2F%2Fwww.ti.com%2Flit%2Fgpn%2Fsn74lvc2g17","","","","","","Buffer, Non-Inverting 2 Element 1 Bit per Element Push-Pull Output 6-SON (1.45x1)","","","","","","","https://www.digikey.ca/en/products/detail/texas-instruments/SN74LVC2G17DRYR/3587226","","","","SN74LVC2G17DRYR","","","CHECK","","","","",""
"75","1","U401","KSZ8851SNLI-TR","_SCHLIB_SparkleSplashy:IC_KSZ8851SNLI-TR","Package_DFN_QFN:QFN-32-1EP_5x5mm_P0.5mm_EP3.1x3.1mm_ThermalVias","https://ww1.microchip.com/downloads/en/DeviceDoc/KSZ8851SNL-Single-Port-Ethernet-Controller-with-SPI-DS00002381C.pdf","","","","","","Ethernet Controller 10/100 Base-T/TX PHY SPI Interface 32-QFN (5x5)","","","","","","","https://www.digikey.ca/en/products/detail/microchip-technology/KSZ8851SNLI-TR/2080489","","","","KSZ8851SNLI-TR","","","CHECKED","","","","",""
"76","1","U402","AT93C46DY6-YH-E","_SCHLIB_SparkleSplashy:FLASH_AT93C46DY6-YH-E","Package_DFN_QFN:DFN-8-1EP_3x2mm_P0.5mm_EP1.3x1.5mm","https://ww1.microchip.com/downloads/aemDocuments/documents/MPD/ProductDocuments/DataSheets/20006224B.pdf","","","","","","EEPROM Memory IC 1Kbit 3-Wire Serial 2 MHz 8-UDFN (2x3)","","","","","","","https://www.digikey.ca/en/products/detail/microchip-technology/AT93C46DY6-YH-E/8575735","","","","AT93C46DY6-YH-E","","","CHECKED","","","","",""
"77","1","U501","ATWILC1000B-MU-Y","_SCHLIB_SparkleSplashy:IC_ATWILC1000B-MU-Y","_PCBLIB_SparkleSplashy:QFN-40-1EP_5x5mm_P0.4mm_EP3.8x3.8mm_ThermalVias","https://ww1.microchip.com/downloads/aemDocuments/documents/OTH/ProductDocuments/DataSheets/70005386C.pdf","","","","","","IC RF TxRx + MCU WiFi 802.11b/g/n 2.4GHz 40-VFQFN Exposed Pad","","","","","","","https://www.digikey.ca/en/products/detail/microchip-technology/ATWILC1000B-MU-Y/5638851","","","","ATWILC1000B-MU-Y","","","CHECKED","","","","",""
"78","1","U701","W25N01GVZEIG","_SCHLIB_SparkleSplashy:FLASH_W25N01GVZEIG","_PCBLIB_SparkleSplashy:WSON-8-1EP_8x6mm_P1.27mm_EP3.4x4.3mm","https://www.winbond.com/resource-files/W25N01GV%20Rev%20O%20092619.pdf","","","","","","FLASH - NAND (SLC) Memory IC 1Gbit SPI - Quad I/O 104 MHz 7 ns 8-WSON (8x6)","","","","","","","https://www.digikey.ca/en/products/detail/winbond-electronics/W25N01GVZEIG/15181734","","","","W25N01GVZEIG","","","CHECKED","","","","",""
"79","1","U802","MAX22028AWA+","_SCHLIB_SparkleSplashy:IC_MAX22028AWA+","Package_SO:SO-8_5.3x6.2mm_P1.27mm","https://datasheets.maximintegrated.com/en/ds/MAX22025-MAX22028F.pdf","","","","","","1/1 Transceiver, Isolated Half RS422, RS485 8-SOIC","","","","","","","https://www.digikey.ca/en/products/detail/analog-devices-inc-maxim-integrated/MAX22028AWA/11503422","","","","MAX22028FAWA+","","","CHECKED","","","","",""
"80","1","U901","NC7WZ14P6X-L22347","_SCHLIB_SparkleSplashy:INVERTER_NC7WZ14P6X-L22347","Package_TO_SOT_SMD:SOT-363_SC-70-6","https://www.onsemi.com/pdf/datasheet/nc7wz14-d.pdf","","","","","","Inverter IC 2 Channel Schmitt Trigger Input SC-70-6","","","","","","","https://www.digikey.ca/en/products/detail/onsemi/NC7WZ14P6X-L22347/16528780","","","","NC7WZ14P6X-L22347","","","CHECKED","","","","",""
"81","1","U903","AQY212EHA","_SCHLIB_SparkleSplashy:SSR_AQY212EHA","Package_DIP:SMDIP-4_W7.62mm","https://www3.panasonic.biz/ac/e_download/control/relay/photomos/catalog/semi_eng_ge1a_aqy21_e.pdf","","","","","","Solid State SPST-NO (1 Form A) 4-SMD (0.300"", 7.62mm)","","","","","","","https://www.digikey.ca/en/products/detail/panasonic-electric-works/AQY212EHA/512406","","","","AQY212EHA","","","CHECKED","","","","",""
"82","1","U904","VO207AT","_SCHLIB_SparkleSplashy:IC_VO207AT","Package_SO:SOIC-8_3.9x4.9mm_P1.27mm","https://www.vishay.com/docs/81957/vo205at.pdf","","","","","","Optoisolator Transistor with Base Output 4000Vrms 1 Channel 8-SOIC","","","","","","","https://www.digikey.ca/en/products/detail/vishay-semiconductor-opto-division/VO207AT/4073985","","","","VO207AT","","","*","","","","",""
"83","1","U1002","ISO7720FDR","_SCHLIB_SparkleSplashy:IC_ISO7720FDR","Package_SO:SOIC-8_3.9x4.9mm_P1.27mm","https://www.ti.com/general/docs/suppproductinfo.tsp?distId=10&gotoUrl=https%3A%2F%2Fwww.ti.com%2Flit%2Fgpn%2Fiso7720","","","","","","General Purpose Digital Isolator 3000Vrms 2 Channel 100Mbps 85kV/µs CMTI 8-SOIC (0.154"", 3.90mm Width)","","","","","","","https://www.digikey.ca/en/products/detail/texas-instruments/ISO7720FDR/7173735","","","","ISO7720FDR","","","CHECKED","","","","",""
"84","1","U1101","AP63205WU-7","_SCHLIB_SparkleSplashy:PMIC_AP63205WU-7","Package_TO_SOT_SMD:SOT-23-6","https://www.diodes.com/assets/Datasheets/AP63200-AP63201-AP63203-AP63205.pdf","","","","","","Buck Switching Regulator IC Positive Fixed 5V 1 Output 2A SOT-23-6 Thin, TSOT-23-6","","","","","","","https://www.digikey.ca/en/products/detail/diodes-incorporated/AP63205WU-7/9858424","","","","AP63205WU-7","","","CHECKED","","","","",""
"85","1","U1102","PRM3W-E12-S5-S","_SCHLIB_SparkleSplashy:PMIC_PRM3W-E12-S5-S","Converter_DCDC:Converter_DCDC_XP_POWER-ITxxxxxS_THT","https://www.cui.com/product/resource/prm3w-s.pdf","","","","","","Isolated Module DC DC Converter 1 Output 5V 600mA 4.5V - 36V Input","","","","","","","https://www.digikey.ca/en/products/detail/cui-inc/PRM3W-E12-S5-S/13574056","","","","PRM3W-E12-S5-S","","","CHECKED","","","","",""
"86","1","U1201","BD33IC0WHFV-GTR","_SCHLIB_SparkleSplashy:PMIC_BD33IC0WHFV-GTR","_PCBLIB_SparkleSplashy:6HVSOF","https://fscdn.rohm.com/en/products/databook/datasheet/ic/power/linear_regulator/bdxxic0w-e.pdf","","","","","","IC REG LINEAR 3.3V 1A 6HVSOF","","","","","","","https://www.digikey.ca/en/products/detail/rohm-semiconductor/BD33IC0WHFV-GTR/4004063","","","","BD33IC0WHFV-GTR","","","CHECKED","","","","",""
"87","1","U1202","AP3012KTR-G1","_SCHLIB_SparkleSplashy:PMIC_AP3012KTR-G1","Package_TO_SOT_SMD:SOT-23-5","https://www.diodes.com/assets/Datasheets/AP3012.pdf","","","","","","Boost Switching Regulator IC Positive Adjustable 1.25V 1 Output 500mA (Switch) SC-74A, SOT-753","","","","","","","https://www.digikey.ca/en/products/detail/diodes-incorporated/AP3012KTR-G1/4470846","","","","AP3012KTR-G1","","","CHECKED","","","","",""
"88","2","U1203, U1204","LD56100DPU33R","_SCHLIB_SparkleSplashy:PMIC_LD56100DPU33R","_PCBLIB_SparkleSplashy:8-DFN","https://www.st.com/resource/en/datasheet/ld56100.pdf","","","","","","IC REG LINEAR 3.3V 1A 8DFN","","","","","","","https://www.digikey.ca/en/products/detail/stmicroelectronics/LD56100DPU33R/9485512","","","","LD56100DPU33R","","","CHECKED","","","","",""
"89","1","VDR1101","B72590P8200S060","_SCHLIB_SparkleSplashy:TVS_B72590P8200S060","Resistor_SMD:R_0402_1005Metric","https://product.tdk.com/en/system/files?file=dam/doc/product/protection/voltage/varistor_ctvs/data_sheet/75/db/ctvs_14/automotive_series.pdf","","","","","","100 V Varistor 1 Circuit Surface Mount, MLCV 0402 (1005 Metric)","","","","","","","https://www.digikey.ca/en/products/detail/epcos-tdk-electronics/B72590P8200S060/13245873","24V","R0402","","B72590P8200S060","","","CHECKED","","","","",""
"90","1","X301","16MHz/10ppm","_SCHLIB_SparkleSplashy:XTAL_ECS-160-12-37B-CTN-TR","Crystal:Crystal_SMD_2016-4Pin_2.0x1.6mm","https://ecsxtal.com/store/pdf/ECX-1637B.pdf","","","","","","16 MHz ±10ppm Crystal 12pF 150 Ohms 4-SMD, No Lead","","","","","","","https://www.digikey.ca/en/products/detail/ecs-inc/ECS-160-12-37B-CTN-TR/9838848","","4SMD-2016","","ECS-160-12-37B-CTN-TR","","","CHECKED","","","","",""
"91","1","X302","32.768 kHz/5ppm","_SCHLIB_SparkleSplashy:XTAL_CM315D32768HZFT","Crystal:Crystal_SMD_EuroQuartz_EQ161-2Pin_3.2x1.5mm","http://cfd.citizen.co.jp/cms/cfd/pdf/english/CM315D_E.pdf","","","","","","32.768 kHz ±5ppm Crystal 12.5pF 70 kOhms 2-SMD, No Lead","","","","","","","https://www.digikey.ca/en/products/detail/citizen-finedevice-co-ltd/CM315D32768HZFT/5970266","","2SMD-3215","","CM315D32768HZFT","","","CHECKED","","","","",""
"92","1","X401","25MHz/10ppm","_SCHLIB_SparkleSplashy:XTAL_Q_25,0-JXS11-12-10/10-FU-LF","_PCBLIB_SparkleSplashy:Crystal_4SMD_1216_4Pin_1.2X1.6mm","https://www.jauch.com/downloadfile/57fded7e6f1b9_aba9c9bb2731dd0bfc46/jxs11_180913.pdf","","","","","","25 MHz ±10ppm Crystal 12pF 90 Ohms 4-SMD, No Lead","","","","","","","https://www.digikey.ca/en/products/detail/jauch-quartz/Q-25-0-JXS11-12-10-10-FU-LF/10416062","","4SMD-1216","","Q 25,0-JXS11-12-10/10-FU-LF","","","CHECKED","","","","",""
"93","1","X501","26MHz/10ppm","_SCHLIB_SparkleSplashy:XTAL_ECS-260-12-37B2-CKM-TR","Crystal:Crystal_SMD_2016-4Pin_2.0x1.6mm","https://ecsxtal.com/store/pdf/ECX-1637B2.pdf","","","","","","26 MHz ±10ppm Crystal 12pF 50 Ohms 4-SMD, No Lead","","","","","","","https://www.digikey.com/en/products/detail/ecs-inc/ECS-260-12-37B2-CKM-TR/14663307","","4SMD-2016","","ECS-260-12-37B2-CKM-TR","","","CHECKED","","","","",""
